Graph ID,BERTScore F1,BERTScore Precision,BERTScore Recall,BLEU,ROUGE-1,ROUGE-L,Nodes,Edges
results_graph_277,0.8445817828178406,0.8433476090431213,0.8458194732666016,0.0002265486587068489,0.16123778501628663,0.0993485342019544,7,6
results_graph_332,0.8544293642044067,0.8534995317459106,0.8553612232208252,0.27207930459478363,0.6192660550458714,0.38990825688073394,10,9
results_graph_220,0.7601792216300964,0.7311878800392151,0.7915645241737366,0.032766004681848926,0.26545454545454544,0.14545454545454545,9,8
results_graph_365,0.821244478225708,0.8155020475387573,0.8270683288574219,0.02690687132858336,0.30989956958393117,0.19799139167862262,8,7
results_graph_109,0.8137136101722717,0.8230841159820557,0.8045541048049927,0.15681695777451995,0.5285118219749653,0.2920723226703755,9,8
results_graph_236,0.7664923667907715,0.7721858024597168,0.7608823180198669,0.01805785984162549,0.27672955974842767,0.12019566736547868,1,0
results_graph_261,0.8508164286613464,0.855628490447998,0.8460583090782166,0.11552505358269033,0.4816678648454349,0.3235082674335011,10,9
results_graph_324,0.8075554370880127,0.811059296131134,0.8040817975997925,0.034991174592150294,0.3637770897832817,0.23219814241486067,6,5
results_graph_148,0.8267723321914673,0.8186658620834351,0.8350411057472229,0.08324456436940635,0.41813989239046884,0.2828593389700231,6,5
results_graph_518,0.7418553829193115,0.7466250061988831,0.7371461391448975,0.00015329386862155832,0.1475748194014448,0.08152734778121776,2,1
results_graph_133,0.7564566731452942,0.7537187337875366,0.7592146396636963,0.006525318762747885,0.2146690518783542,0.13595706618962433,9,8
results_graph_099,0.9038143754005432,0.8995393514633179,0.9081302285194397,0.18309676275848472,0.5019531249999999,0.41015625000000006,5,4
results_graph_076,0.8234508037567139,0.8246598243713379,0.8222452402114868,0.06299293132349305,0.42733397497593845,0.20789220404234843,6,5
results_graph_426,0.731425940990448,0.7242658138275146,0.7387291789054871,0.019409800680873175,0.3244929797191888,0.1435257410296412,7,6
results_graph_308,0.7392980456352234,0.7015898823738098,0.7812898755073547,0.05959126182035476,0.29435483870967744,0.16935483870967744,7,6
results_graph_534,0.8736461400985718,0.8661065101623535,0.881318211555481,0.3534533679585883,0.6397449521785334,0.4357066950053135,7,6
results_graph_164,0.7687017917633057,0.7909688353538513,0.7476540803909302,0.08886618803265166,0.3852556480380499,0.20214030915576692,4,3
results_graph_471,0.8369261026382446,0.8294869661331177,0.8444998264312744,0.005081362807698079,0.25018341892883345,0.15407190022010273,10,9
results_graph_172,0.8349495530128479,0.8326221704483032,0.8372901082038879,0.13076816033059668,0.4737991266375546,0.3056768558951965,7,6
results_graph_488,0.7528104782104492,0.7521318197250366,0.7534904479980469,0.035419480252680116,0.36905606813342795,0.21433640880056776,14,13
results_graph_522,0.6443530917167664,0.6329766511917114,0.6561459302902222,0.0074787744274554145,0.2073732718894009,0.11981566820276499,2,1
results_graph_037,0.7230332493782043,0.7374443411827087,0.709174633026123,0.020061000671232596,0.3101467772814295,0.1429483088704531,10,8
results_graph_467,0.7693318724632263,0.7699945569038391,0.7686704397201538,0.0012850908848488181,0.21926694777813818,0.12650016217969512,12,11
results_graph_349,0.7823715209960938,0.7911760210990906,0.7737607955932617,0.00177282856510336,0.2160821820758059,0.11689691817215728,9,8
results_graph_125,0.8337945938110352,0.8435551524162292,0.8242573738098145,0.2623771611876507,0.5660377358490566,0.4270109235352533,10,9
results_graph_447,0.7363260984420776,0.776826798915863,0.6998392343521118,0.022727370642332954,0.2612872238232469,0.13256484149855907,2,1
results_graph_152,0.8584712743759155,0.8497492074966431,0.8673741817474365,0.13780733520123312,0.49506726457399103,0.32825112107623317,12,7
results_graph_502,0.770961582660675,0.7126227617263794,0.8397039175033569,0.035524065221463126,0.24046920821114368,0.15249266862170088,13,12
results_graph_294,0.8058322668075562,0.8078066110610962,0.8038675785064697,0.027430612954519793,0.33490566037735847,0.20440251572327042,8,7
results_graph_410,0.8508158326148987,0.8666104078292847,0.8355867862701416,0.07015095242953173,0.41565703634669154,0.255358807082945,7,6
results_graph_040,0.7302860617637634,0.6949756145477295,0.7693766355514526,0.006068841716179137,0.1791044776119403,0.08955223880597014,12,11
results_graph_105,0.8294359445571899,0.8471112847328186,0.8124830722808838,0.19426560611570717,0.4926590538336052,0.3034257748776509,6,5
results_graph_386,0.7418445944786072,0.7548602223396301,0.7292701601982117,0.03756013276915811,0.34225621414913954,0.14340344168260039,15,8
results_graph_369,0.7522525787353516,0.752341091632843,0.7521640658378601,0.0007249670580923485,0.21202274573517463,0.09748172217709179,8,7
results_graph_056,0.7806625366210938,0.7944204211235046,0.7673730254173279,0.03316548148309143,0.2944444444444444,0.1625,7,6
results_graph_406,0.7415130138397217,0.7441203594207764,0.7389237880706787,0.10548258470962223,0.4345830145371079,0.24636572302983928,6,5
results_graph_113,0.8694030046463013,0.861703634262085,0.877241313457489,0.2757494778390043,0.6031746031746033,0.4875283446712019,4,3
results_graph_543,0.7804293036460876,0.7956423759460449,0.7657869458198547,0.05621307014308603,0.3734359961501444,0.2001924927815207,9,7
results_graph_390,0.8329083323478699,0.8438675403594971,0.8222301006317139,0.2330932576159743,0.5478547854785478,0.3586358635863586,14,8
results_graph_001,0.8451563715934753,0.8387337327003479,0.8516782522201538,0.2054908255580929,0.4711211778029445,0.34428086070215175,7,6
results_graph_514,0.7298688888549805,0.7471020221710205,0.713412880897522,0.036495037231703574,0.3686337914308812,0.16168148746968472,10,9
results_graph_328,0.7108793258666992,0.665850043296814,0.7624408006668091,0.00546811185746231,0.13963963963963963,0.10360360360360361,10,8
results_graph_282,0.8768686652183533,0.8882598876953125,0.8657658696174622,0.24235359666120654,0.5689084895259097,0.37486218302094815,6,5
results_graph_095,0.8480603098869324,0.8389943838119507,0.8573243618011475,0.07509016403235576,0.4125,0.28125,6,5
results_graph_353,0.8261348605155945,0.8110623359680176,0.8417782187461853,0.1069987906758484,0.4657912923289565,0.2750518313752592,9,6
results_graph_216,0.8467944264411926,0.8210210204124451,0.8742384910583496,0.2654199617757876,0.5865580448065173,0.4195519348268839,7,6
results_graph_538,0.8497908115386963,0.8485026359558105,0.8510829210281372,0.2728341084499213,0.5668103448275863,0.4116379310344827,11,10
results_graph_187,0.821043074131012,0.8152337670326233,0.8269357085227966,0.17632075892480767,0.467866323907455,0.29048843187660667,8,7
results_graph_304,0.7915505766868591,0.7844088673591614,0.7988234162330627,0.001823964843544588,0.2098540145985401,0.14051094890510948,7,6
results_graph_241,0.8314564228057861,0.8335973024368286,0.8293266296386719,0.19629863064490688,0.5741935483870968,0.39569892473118284,12,10
results_graph_484,0.739098310470581,0.7269688248634338,0.7516393065452576,0.01094144470830024,0.25612745098039214,0.13235294117647062,10,9
results_graph_191,0.7287467122077942,0.694361686706543,0.7667146325111389,0.01889133268068172,0.17504051863857378,0.10048622366288491,14,11
results_graph_312,0.8299998641014099,0.8022605180740356,0.8597261309623718,0.19566694982040864,0.4736842105263158,0.3087719298245614,5,4
results_graph_257,0.831669807434082,0.8340042233467102,0.8293483853340149,0.27339195730546473,0.6064356435643564,0.42326732673267325,8,7
results_graph_129,0.762574315071106,0.7419949769973755,0.7843277454376221,0.035052123971196475,0.30487804878048785,0.1829268292682927,8,7
results_graph_083,0.7659057974815369,0.7734915018081665,0.758467435836792,0.09899378728395339,0.4374384236453202,0.20886699507389164,9,8
results_graph_200,0.8252783417701721,0.8355029821395874,0.8153009414672852,0.16295253558357356,0.5178997613365156,0.3412887828162291,8,7
results_graph_344,0.8166376948356628,0.821281909942627,0.812045693397522,0.12423071259162845,0.4475982532751092,0.2489082969432314,5,4
results_graph_201,0.8770566582679749,0.8754582405090332,0.8786609172821045,0.08635557490945375,0.44817927170868344,0.3323996265172736,6,5
results_graph_128,0.8674972057342529,0.8588764071464539,0.8762927651405334,0.37996690834184843,0.6242424242424243,0.49696969696969695,9,8
results_graph_082,0.683021605014801,0.6957451701164246,0.6707550287246704,0.0058559256287235755,0.27283653846153844,0.13701923076923075,9,8
results_graph_313,0.6548919081687927,0.6103631854057312,0.7064292430877686,0.0020779673634300543,0.07547169811320756,0.0660377358490566,6,5
results_graph_256,0.8445783257484436,0.8354405760765076,0.8539183139801025,0.19137924264393794,0.5516074450084602,0.38409475465313037,11,10
results_graph_485,0.7263507843017578,0.73018479347229,0.7225567698478699,0.02533511656516909,0.2841357537490134,0.15153906866614048,10,9
results_graph_190,0.8379306197166443,0.8415102958679199,0.8343812227249146,0.20003629501438638,0.48731884057971014,0.29528985507246375,6,5
results_graph_305,0.8738208413124084,0.875529408454895,0.8721189498901367,0.2131901497449449,0.5742145178764897,0.4247020585048754,5,4
results_graph_240,0.7984117269515991,0.7897408604621887,0.807275116443634,0.20964249502157611,0.5229885057471264,0.367816091954023,9,8
results_graph_169,0.8532701134681702,0.8612920045852661,0.8453962206840515,0.14457725895354118,0.45053868756121446,0.2644466209598433,8,7
results_graph_539,0.8102864027023315,0.8130737543106079,0.8075181245803833,0.1127660621560253,0.4505703422053232,0.20152091254752852,9,8
results_graph_186,0.7000578045845032,0.6569130420684814,0.7492682933807373,0.005154067510867604,0.08278145695364238,0.06622516556291391,11,10
results_graph_217,0.8272927403450012,0.8237516283988953,0.8308643698692322,0.1396565973045522,0.4416356877323421,0.26468401486988846,9,8
results_graph_094,0.7837681770324707,0.7806688547134399,0.786892294883728,7.494809282172288e-06,0.13313443967928398,0.07980607868730188,12,7
results_graph_329,0.8075548410415649,0.8143184781074524,0.8009026050567627,0.04726097238210647,0.3300330033003301,0.21452145214521454,6,5
results_graph_283,0.8612574934959412,0.8662680983543396,0.8563045859336853,0.07841492010696288,0.41903019213174747,0.3055809698078683,8,7
results_graph_515,0.8234654664993286,0.8356712460517883,0.8116111159324646,0.09724707473595919,0.4339815762538383,0.26202661207778916,6,5
results_graph_145,0.8186059594154358,0.8154984712600708,0.8217373490333557,0.24592245989396327,0.5353383458646617,0.3308270676691729,9,8
results_graph_391,0.7357041239738464,0.722405195236206,0.7495018839836121,0.00015546034762280986,0.16705516705516704,0.10411810411810411,8,7
results_graph_057,0.736935019493103,0.7369856834411621,0.736884355545044,0.13227885704263823,0.4652049571020019,0.2421353670162059,6,5
results_graph_407,0.8720585703849792,0.8615491390228271,0.882827639579773,0.2909566646972624,0.5760709010339733,0.4401772525849335,10,8
results_graph_112,0.8239735960960388,0.8260625004768372,0.8218952417373657,0.1776406984413433,0.5444887118193891,0.3027888446215139,6,5
results_graph_542,0.707647442817688,0.6975641250610352,0.7180264592170715,0.0023408871189847342,0.2493074792243767,0.09418282548476455,9,8
results_graph_387,0.8452383875846863,0.8464835286140442,0.8439967632293701,0.27247702676547847,0.5903614457831327,0.43373493975903615,8,7
results_graph_368,0.7774370908737183,0.7723506689071655,0.7825909852981567,0.052269115836824254,0.38638454461821525,0.21343146274149036,6,5
results_graph_411,0.6895139217376709,0.6639068126678467,0.7171756625175476,0.03342721411981996,0.18585858585858586,0.13737373737373737,5,4
results_graph_041,0.8534884452819824,0.8640186786651611,0.843211829662323,0.14651653599307157,0.4530386740331492,0.3535911602209945,6,5
results_graph_104,0.8214709162712097,0.8175235390663147,0.8254566192626953,0.013095780754723677,0.27683615819209034,0.16101694915254236,8,7
results_graph_295,0.8349304795265198,0.8403644561767578,0.829566240310669,0.0034247555563138906,0.25542570951585974,0.18447412353923207,7,6
results_graph_016,0.740944504737854,0.6678026914596558,0.8320786952972412,0.0791298332896265,0.30975143403441685,0.18738049713193117,7,6
results_graph_153,0.751554548740387,0.6827912330627441,0.835719108581543,0.03097786350816245,0.1342925659472422,0.07673860911270983,4,3
results_graph_503,0.7518190145492554,0.7644463777542114,0.7396019697189331,0.14141955077913052,0.47586206896551725,0.23448275862068965,8,7
results_graph_124,0.8313244581222534,0.8190287947654724,0.8439949154853821,0.10150460066263232,0.42358078602620086,0.289665211062591,8,7
results_graph_431,0.718264102935791,0.6643271446228027,0.7817332744598389,0.012450458175581878,0.13167259786476868,0.10676156583629894,9,8
results_graph_061,0.8105026483535767,0.8127667903900146,0.808251142501831,0.047636868820993244,0.37435897435897436,0.16923076923076924,9,7
results_graph_348,0.7850068211555481,0.7765394449234009,0.7936609983444214,0.13042478533061072,0.4547169811320755,0.2849056603773585,5,4
results_graph_489,0.8716221451759338,0.8676754236221313,0.8756048679351807,0.37590699980188663,0.6938202247191011,0.4353932584269663,9,8
results_graph_523,0.8219442963600159,0.8290470838546753,0.8149621486663818,0.13776742919783472,0.48153214774281805,0.3091655266757867,6,5
results_graph_466,0.7708138823509216,0.7549706697463989,0.7873362302780151,0.05288607045056851,0.40963855421686746,0.1967871485943775,18,9
results_graph_535,0.8316814303398132,0.8351052403450012,0.8282855749130249,0.19957800564037637,0.507103825136612,0.31475409836065577,7,6
results_graph_165,0.8306849002838135,0.8407101035118103,0.8208961486816406,0.2749398747187398,0.536115569823435,0.39807383627608345,6,5
results_graph_470,0.8067094683647156,0.8242068290710449,0.7899395227432251,0.07382883268054374,0.37931034482758624,0.17931034482758618,10,9
results_graph_020,0.699731707572937,0.6939036250114441,0.705658495426178,0.01153174691632924,0.20347394540942926,0.11910669975186103,9,8
results_graph_309,0.7584336400032043,0.7428733706474304,0.7746597528457642,0.0873872272491645,0.4389380530973451,0.21769911504424777,9,8
results_graph_132,0.7613469362258911,0.7661109566688538,0.7566418051719666,0.03957642824913238,0.33436055469953774,0.19722650231124808,10,8
results_graph_098,0.8740682005882263,0.8650691509246826,0.8832566142082214,0.3790783015207811,0.6825938566552902,0.4459613196814562,4,3
results_graph_077,0.7484629154205322,0.7074882388114929,0.7944755554199219,0.10824027121706958,0.3758389261744966,0.2818791946308725,4,3
results_graph_427,0.813239336013794,0.8128572702407837,0.8136218190193176,0.04899434429637691,0.36429215509467994,0.20378719567177636,7,6
results_graph_149,0.8420557975769043,0.8612298965454102,0.8237167000770569,0.06688747273953384,0.4383318544809228,0.21650399290150843,8,7
results_graph_519,0.7671747207641602,0.7860875725746155,0.7491505742073059,0.05818102707923958,0.3693181818181818,0.23295454545454547,12,9
results_graph_260,0.7865231037139893,0.7483795881271362,0.8287636041641235,0.0739655047514456,0.3731019522776573,0.2082429501084599,13,10
results_graph_325,0.8433475494384766,0.8362789154052734,0.8505367636680603,0.28243126233801125,0.5811623246492985,0.3927855711422846,15,10
results_graph_237,0.8717368245124817,0.8695769309997559,0.8739075660705566,0.17200979576877737,0.5465465465465466,0.37387387387387383,6,5
results_graph_372,0.8240870833396912,0.831108570098877,0.817183256149292,0.06652680857837052,0.40645161290322585,0.23440860215053763,7,6
results_graph_108,0.8018679022789001,0.8019500970840454,0.8017856478691101,0.17509732091375807,0.46853146853146854,0.31818181818181823,10,9
results_graph_221,0.7841264605522156,0.769882321357727,0.7989076375961304,0.14474981551523294,0.4857571214392804,0.2638680659670165,17,16
results_graph_276,0.8441682457923889,0.8388323783874512,0.8495724201202393,0.3145962788207794,0.6095791001451379,0.4267053701015965,7,6
results_graph_333,0.7279635667800903,0.7270928621292114,0.7288363575935364,0.029396014633385772,0.3137254901960785,0.18767507002801123,6,5
results_graph_299,0.7524595260620117,0.7330053448677063,0.7729744911193848,0.06241255984671681,0.32352941176470584,0.19852941176470587,7,6
results_graph_011,0.6992573142051697,0.7012196779251099,0.6973059773445129,0.019255908296213035,0.2872628726287263,0.13956639566395665,16,10
results_graph_441,0.8248592019081116,0.8270605802536011,0.8226695656776428,0.17753345699747142,0.5185185185185185,0.3292181069958848,5,4
results_graph_154,0.805209755897522,0.7983177304267883,0.8122218251228333,0.20756587361069284,0.5727482678983833,0.3140877598152425,6,5
results_graph_504,0.7362653613090515,0.6971136331558228,0.7800765037536621,0.004137474088866157,0.11904761904761903,0.08333333333333333,14,13
results_graph_292,0.7978044748306274,0.7858963012695312,0.8100789189338684,0.0257796702624464,0.3327102803738317,0.24299065420560748,7,6
results_graph_338,0.8101659417152405,0.8144941329956055,0.8058834075927734,0.10420096976264166,0.4227272727272727,0.2590909090909091,6,5
results_graph_416,0.8230324387550354,0.8154815435409546,0.8307244777679443,0.011868167638372635,0.29304390725209667,0.19634928465712875,6,5
results_graph_046,0.7235563397407532,0.6984645128250122,0.7505180239677429,0.0352731369608729,0.1935483870967742,0.1252371916508539,9,7
results_graph_103,0.8482632637023926,0.8478049635887146,0.8487221002578735,0.0883083053482505,0.45473684210526316,0.33473684210526317,3,2
results_graph_380,0.7748056650161743,0.7397161722183228,0.8133900761604309,0.04378029025457769,0.21951219512195122,0.13821138211382114,10,9
results_graph_050,0.858492910861969,0.8664990067481995,0.8506335020065308,0.11985709106260009,0.4781818181818182,0.26363636363636367,4,3
results_graph_400,0.8700236678123474,0.8651275634765625,0.8749755024909973,0.13135655037598015,0.5283018867924528,0.32157506152584087,10,9
results_graph_115,0.7646977305412292,0.7117711305618286,0.826127827167511,0.03668886767695814,0.23728813559322037,0.15065913370998116,6,5
results_graph_545,0.7745018601417542,0.7140293121337891,0.8461652994155884,0.055189819981738795,0.2463235294117647,0.15073529411764705,14,13
results_graph_396,0.8346020579338074,0.8362950682640076,0.8329159617424011,0.1397251440868257,0.4971751412429379,0.32015065913371,10,9
results_graph_457,0.8642995357513428,0.8681702613830566,0.8604631423950195,0.16996038170315841,0.532150776053215,0.35698447893569846,4,3
results_graph_007,0.8251110315322876,0.816325306892395,0.8340878486633301,0.08915075647297627,0.47789115646258506,0.2738095238095238,7,6
results_graph_512,0.8615645170211792,0.8490768074989319,0.8744250535964966,0.262140986577795,0.5837837837837837,0.39783783783783777,7,6
results_graph_142,0.779121458530426,0.7890750169754028,0.7694159150123596,0.03653657357505683,0.399197592778335,0.1945837512537613,14,10
results_graph_284,0.8652398586273193,0.867315411567688,0.8631742000579834,0.34120282121729995,0.6143250688705235,0.46005509641873277,1,1
results_graph_093,0.8729518055915833,0.8771165609359741,0.8688264489173889,0.3842236128247565,0.6595744680851064,0.47720364741641336,5,4
results_graph_139,0.768342137336731,0.7604995965957642,0.7763481140136719,0.15504938294492568,0.46473029045643155,0.35131396957123096,11,10
results_graph_355,0.8317847847938538,0.8214290738105774,0.8424049615859985,0.0022795743177322736,0.20699708454810495,0.1282798833819242,6,5
results_graph_210,0.7446225881576538,0.7116442918777466,0.7808059453964233,0.056453939611440324,0.24999999999999997,0.1568627450980392,4,3
results_graph_181,0.8489111065864563,0.8598852753639221,0.8382135629653931,0.03481040641708802,0.34697617593158214,0.21136224801466094,7,6
results_graph_302,0.8152538537979126,0.8079790472984314,0.8226608037948608,0.13760241632403108,0.5125748502994012,0.3281437125748503,6,5
results_graph_247,0.8154053092002869,0.8091049194335938,0.8218046426773071,0.26104707755106726,0.5567890691716482,0.3996584116140051,10,9
results_graph_528,0.8190851807594299,0.8112853765487671,0.8270363807678223,0.21863427073554026,0.545679012345679,0.32592592592592595,16,9
results_graph_482,0.7642889022827148,0.7243784070014954,0.8088536262512207,0.03171188353687048,0.2196796338672769,0.1830663615560641,6,5
results_graph_197,0.8517122864723206,0.8530716300010681,0.850357174873352,0.04491435868594339,0.3849821215733016,0.2431466030989273,6,5
results_graph_314,0.8018088340759277,0.8233028650283813,0.7814086079597473,0.05594422774053333,0.39721946375372386,0.21251241310824232,9,8
results_graph_251,0.7497311234474182,0.7079513669013977,0.7967514991760254,0.03535146245707287,0.2058165548098434,0.13870246085011184,6,5
results_graph_343,0.8211886882781982,0.8126944303512573,0.8298624753952026,0.03077952936987526,0.3301400147383935,0.19896831245394253,5,4
results_graph_206,0.875860869884491,0.869921088218689,0.8818823099136353,0.18901470786868435,0.4753673292999136,0.33189282627484873,8,7
results_graph_271,0.8690632581710815,0.8625004291534424,0.8757266998291016,0.08091612194319997,0.42112986060161406,0.3008070432868672,6,5
results_graph_334,0.741981029510498,0.7620115280151367,0.7229765057563782,0.0029989197453646047,0.2320596458527493,0.15191053122087605,8,7
results_graph_508,0.7863109111785889,0.7784678936004639,0.7943135499954224,0.06306869519701452,0.4081920903954802,0.2033898305084746,14,9
results_graph_158,0.8013864159584045,0.8023386001586914,0.8004364967346191,0.12067718165654592,0.47314049586776863,0.25,4,3
results_graph_226,0.8266469240188599,0.8397464752197266,0.8139498233795166,0.1407956755524691,0.48560700876095125,0.3354192740926158,7,6
results_graph_363,0.7183818817138672,0.7235993146896362,0.7132390737533569,0.015258176510828877,0.2483829236739974,0.1371280724450194,3,2
results_graph_230,0.768626868724823,0.7408495545387268,0.7985683679580688,0.04832010313501375,0.3591682419659735,0.1890359168241966,9,8
results_graph_375,0.7564840316772461,0.7290757298469543,0.7860335111618042,0.05394348143354876,0.2935779816513761,0.16819571865443422,9,8
results_graph_549,0.7379694581031799,0.7060239315032959,0.7729429602622986,0.05294161766065628,0.3121951219512195,0.20487804878048782,5,4
results_graph_119,0.8272703289985657,0.8147962689399719,0.8401323556900024,0.09970547378381117,0.48666666666666664,0.28,10,9
results_graph_267,0.8183799982070923,0.8188967704772949,0.8178638219833374,0.0623562030841976,0.3704305442729488,0.21283509341998375,18,8
results_graph_288,0.8297694325447083,0.8304334282875061,0.8291063904762268,0.13700369154932082,0.4675984752223634,0.2795425667090216,11,10
results_graph_322,0.7961124181747437,0.7916265726089478,0.8006493449211121,0.2042659731599461,0.5476510067114093,0.35704697986577183,12,8
results_graph_359,0.7732555866241455,0.7196171283721924,0.8355342149734497,0.07403262049276874,0.3248175182481752,0.208029197080292,8,7
results_graph_135,0.6964420676231384,0.6674294471740723,0.7280916571617126,0.027715456944668072,0.18444846292947556,0.14828209764918623,11,8
results_graph_070,0.7651103734970093,0.754819929599762,0.7756854295730591,0.021079017527702103,0.36927621861152143,0.14180206794682423,12,11
results_graph_532,0.800300121307373,0.7607359886169434,0.844205379486084,0.1733178508842677,0.48849557522123893,0.31504424778761064,7,6
results_graph_162,0.820562481880188,0.8301424384117126,0.8112009763717651,0.14933229126826233,0.5428937259923176,0.2868117797695262,9,8
results_graph_498,0.8321670293807983,0.830306887626648,0.8340355157852173,0.019887229089507366,0.3020774845592364,0.20101066816395285,13,8
results_graph_477,0.7287713289260864,0.7387144565582275,0.7190922498703003,0.02971779259586485,0.34510869565217395,0.1644021739130435,13,8
results_graph_027,0.7156457901000977,0.6740285754203796,0.762740433216095,0.004543389673276259,0.10491803278688523,0.08524590163934426,0,0
results_graph_318,0.7982170581817627,0.7848391532897949,0.8120589852333069,0.10257320618208023,0.4639999999999999,0.276,10,9
results_graph_524,0.731320858001709,0.6745871901512146,0.7984734177589417,0.01082489530175966,0.15982721382289417,0.12095032397408208,7,6
results_graph_031,0.8371018767356873,0.8407499194145203,0.8334854245185852,0.28917167554237305,0.5923261390887291,0.41007194244604317,9,8
results_graph_461,0.689842164516449,0.7089842557907104,0.6717065572738647,0.00015205632889776522,0.15241635687732344,0.10833775889537971,6,5
results_graph_089,0.7094467878341675,0.675819993019104,0.7465952634811401,0.012366149103733504,0.163855421686747,0.10602409638554218,6,5
results_graph_123,0.8452122211456299,0.8472214937210083,0.8432124853134155,0.05917516320578568,0.40816326530612246,0.25306122448979596,6,5
results_graph_436,0.8574004173278809,0.8443149328231812,0.8708978891372681,0.30448020079980936,0.5852090032154341,0.40514469453376206,7,6
results_graph_066,0.8162405490875244,0.7917846441268921,0.8422552347183228,0.05509384931217402,0.3931623931623932,0.22222222222222224,3,2
results_graph_088,0.7483682036399841,0.7171581387519836,0.7824183702468872,0.05612083691011624,0.2714932126696833,0.167420814479638,6,5
results_graph_122,0.8069465756416321,0.8072829246520996,0.8066105842590332,0.019377710516093924,0.28450106157112526,0.1372965322009908,6,5
results_graph_437,0.8715354204177856,0.8721541166305542,0.8709176778793335,0.015230951310245298,0.29699666295884314,0.18242491657397106,6,5
results_graph_067,0.8503626585006714,0.8460601568222046,0.8547090888023376,0.22916691868794195,0.5531914893617021,0.34793491864831044,9,8
results_graph_175,0.8570772409439087,0.8513801097869873,0.8628511428833008,0.09536117908731039,0.4392598551890587,0.27996781979082863,5,4
results_graph_525,0.8560724854469299,0.8551899194717407,0.856956958770752,0.2888137127834061,0.6120805369127517,0.4402684563758389,4,3
results_graph_460,0.6849647164344788,0.6624442338943481,0.7090701460838318,0.021921084097448907,0.21409921671018275,0.1409921671018277,11,10
results_graph_319,0.8849201202392578,0.8774727582931519,0.8924950361251831,0.3277613804374039,0.6183465458663646,0.507361268403171,9,8
results_graph_533,0.8438015580177307,0.8273710012435913,0.8608978986740112,0.29372694008304595,0.5855670103092784,0.37525773195876294,10,9
results_graph_163,0.8171520829200745,0.8201211094856262,0.8142045140266418,0.061430818560249886,0.3951219512195122,0.2121951219512195,5,4
results_graph_499,0.8603224158287048,0.8606905341148376,0.8599545955657959,0.25194853911132137,0.5548833189282627,0.3802938634399309,6,5
results_graph_026,0.7658107876777649,0.7396259903907776,0.7939176559448242,0.05949706091367132,0.289738430583501,0.18108651911468815,6,5
results_graph_134,0.8751071095466614,0.868625283241272,0.8816864490509033,0.27440662904904417,0.584514721919302,0.4383860414394765,5,4
results_graph_421,0.8486319184303284,0.8479217290878296,0.8493433594703674,0.03308531134573715,0.32653061224489793,0.21664050235478807,10,9
results_graph_358,0.8640396595001221,0.8671846985816956,0.860917329788208,0.1649167486121263,0.497983870967742,0.33870967741935476,6,5
results_graph_266,0.8247644901275635,0.8219242095947266,0.8276243805885315,0.161546378551842,0.539408866995074,0.33251231527093594,9,8
results_graph_323,0.8485844731330872,0.8511404991149902,0.8460437059402466,0.038708420353363686,0.31710914454277284,0.2182890855457227,4,3
results_graph_548,0.832640528678894,0.8498444557189941,0.8161193132400513,0.22452700731075775,0.51619644723093,0.28213166144200624,7,6
results_graph_118,0.8192151188850403,0.8169839382171631,0.8214584589004517,0.20509012191953963,0.5618915159944368,0.40333796940194716,7,6
results_graph_231,0.7652339339256287,0.7649853229522705,0.7654826641082764,0.1286686668039497,0.44413793103448274,0.2703448275862069,12,9
results_graph_374,0.8300859928131104,0.8368622660636902,0.8234186172485352,0.18457529329760555,0.521613832853026,0.3227665706051874,5,4
results_graph_227,0.7326021194458008,0.7096231579780579,0.7571191191673279,0.017440513051683558,0.22451994091580502,0.1536189069423929,12,7
results_graph_362,0.7474495768547058,0.7602570056915283,0.7350664734840393,0.041580309824800016,0.3506849315068493,0.1726027397260274,8,7
results_graph_509,0.8069143295288086,0.8256464004516602,0.7890133857727051,0.041455164958197004,0.3476151980598222,0.22797089733225545,6,5
results_graph_159,0.830101490020752,0.8305751085281372,0.8296285271644592,0.21650374099027495,0.5146379044684128,0.2681047765793529,3,2
results_graph_335,0.8063503503799438,0.7944906949996948,0.818569540977478,0.06536228497158425,0.39247751430907607,0.2403924775143091,5,4
results_graph_342,0.71368008852005,0.6781957745552063,0.7530825734138489,0.025679686593758654,0.24460431654676257,0.15347721822541965,10,9
results_graph_207,0.7525507807731628,0.7742441892623901,0.7320399880409241,0.023400399341368623,0.33529411764705885,0.17647058823529413,12,9
results_graph_084,0.7944816946983337,0.8038591742515564,0.7853204011917114,0.0515011258904957,0.36,0.24000000000000002,10,9
results_graph_315,0.7182692885398865,0.684715747833252,0.7552808523178101,0.017309739634305075,0.1813953488372093,0.11627906976744184,9,8
results_graph_250,0.7450919151306152,0.7468708753585815,0.7433213591575623,0.009499560408782668,0.3103448275862069,0.13793103448275862,9,8
results_graph_529,0.865176260471344,0.8534185886383057,0.877262532711029,0.3224529250790142,0.6398305084745763,0.5042372881355932,6,5
results_graph_483,0.8383097052574158,0.822559118270874,0.85467529296875,0.2699525392776293,0.6125116713352007,0.4929971988795518,12,11
results_graph_196,0.8145551085472107,0.8225986957550049,0.8066673278808594,0.1451419494460771,0.460686600221484,0.27906976744186046,4,3
results_graph_303,0.8314053416252136,0.8360474109649658,0.826814591884613,0.08248721182595323,0.4132688320663442,0.258465791292329,13,9
results_graph_246,0.8466979265213013,0.8472546339035034,0.8461419343948364,0.20631635314315563,0.4978813559322034,0.33050847457627125,8,7
results_graph_180,0.8390034437179565,0.8349320888519287,0.8431147336959839,0.10009772338551236,0.4342745861733203,0.23563777994157742,8,7
results_graph_354,0.801941454410553,0.7979668378829956,0.8059559464454651,0.11204748244882223,0.46203208556149733,0.22245989304812833,8,7
results_graph_211,0.8023791909217834,0.7921244502067566,0.8129029273986816,0.10892967618298736,0.46441281138790036,0.29893238434163705,8,7
results_graph_092,0.8298187255859375,0.8205263614654541,0.8393239974975586,0.12783568171149437,0.47084708470847086,0.31023102310231027,15,11
results_graph_138,0.7150975465774536,0.6842296123504639,0.7488820552825928,0.013780601162310748,0.15529411764705886,0.1035294117647059,5,4
results_graph_285,0.8587562441825867,0.8627336025238037,0.8548153638839722,0.3044678879360636,0.5625,0.3577586206896552,5,4
results_graph_456,0.7330614924430847,0.6938431262969971,0.7769789695739746,0.011885393739186975,0.15104166666666669,0.09895833333333333,14,13
results_graph_006,0.798682451248169,0.8105136156082153,0.7871917486190796,0.10103442395667317,0.41021548284118114,0.2553870710295291,6,5
results_graph_513,0.7949575185775757,0.791445255279541,0.7985011339187622,0.09216644928301214,0.42065491183879095,0.20906801007556675,18,17
results_graph_397,0.7944537401199341,0.800929844379425,0.7880814075469971,0.05794804665500144,0.4258943781942078,0.23850085178875643,16,9
results_graph_378,0.7176951766014099,0.685578465461731,0.7529689073562622,0.01009206087217672,0.1822429906542056,0.1074766355140187,8,7
results_graph_051,0.7902186512947083,0.7820798754692078,0.7985286116600037,0.15408828759088924,0.4800693240901213,0.2998266897746967,12,11
results_graph_401,0.8289320468902588,0.8302856087684631,0.827582836151123,0.25666247946857407,0.5599194360523665,0.3564954682779456,10,9
results_graph_114,0.7770327925682068,0.7883466482162476,0.7660391926765442,0.07334150808944774,0.3948598130841121,0.20794392523364486,13,9
results_graph_544,0.7956052422523499,0.7545178532600403,0.8414252996444702,0.08662326131941406,0.38351254480286734,0.22939068100358423,13,7
results_graph_381,0.8823586106300354,0.8734580278396606,0.8914424180984497,0.2633366397361117,0.5521350546176763,0.40516385302879837,8,7
results_graph_417,0.8006643652915955,0.8125888109207153,0.7890849113464355,0.07178577090923552,0.4422809457579972,0.2169680111265647,14,9
results_graph_047,0.8573276400566101,0.8479164838790894,0.8669500350952148,0.4280695015351555,0.6548148148148148,0.5125925925925925,8,7
results_graph_102,0.8633904457092285,0.8670549392700195,0.8597567677497864,0.26660698915108544,0.517467248908297,0.35807860262008734,9,8
results_graph_293,0.7959692478179932,0.8095310926437378,0.7828543782234192,0.20928913952990166,0.4917127071823204,0.2559852670349908,9,8
results_graph_339,0.8474012613296509,0.8509282469749451,0.8439033627510071,0.1629431380429853,0.5210237659963437,0.2943327239488117,8,7
results_graph_010,0.82138592004776,0.7847208976745605,0.8616451025009155,0.11541335740500298,0.34130781499202556,0.25199362041467305,11,10
results_graph_155,0.8346817493438721,0.8359599113464355,0.8334075808525085,0.1670249699454068,0.44811320754716977,0.2830188679245283,13,10
results_graph_505,0.7311547994613647,0.723790168762207,0.7386708855628967,0.03724733298649679,0.3321678321678322,0.1765734265734266,11,10
results_graph_204,0.8190335035324097,0.8124101758003235,0.8257656097412109,0.10905688555926839,0.46628757108042246,0.24857839155158407,9,8
results_graph_341,0.7896239757537842,0.7975757122039795,0.7818291187286377,0.06460839148268605,0.42072213500784933,0.23233908948194665,9,8
results_graph_068,0.8076483011245728,0.8164668083190918,0.7990182638168335,0.14948288116375336,0.518118735543562,0.2713955281418658,7,6
results_graph_438,0.8646939396858215,0.878858208656311,0.8509790897369385,0.29641425709595565,0.5688442211055277,0.4080402010050251,4,3
results_graph_087,0.7590186595916748,0.7259600758552551,0.7952317595481873,0.07920794318479864,0.2913165266106443,0.20168067226890754,4,3
results_graph_253,0.807515561580658,0.769582211971283,0.8493822813034058,0.04584192364601679,0.2978723404255319,0.18568665377176016,7,6
results_graph_316,0.8022783994674683,0.8035786151885986,0.8009822964668274,0.10605048042382659,0.44575273338940286,0.27586206896551724,8,7
results_graph_195,0.757527232170105,0.7473956942558289,0.767937183380127,0.15430021095603855,0.47325475974614684,0.2937443336355394,11,10
results_graph_480,0.8332955241203308,0.8294826745986938,0.8371436595916748,0.08596251227512665,0.40499040307101725,0.3128598848368522,6,5
results_graph_245,0.8365256786346436,0.8335310220718384,0.8395419120788574,0.016319289746887785,0.31479289940828403,0.17514792899408285,6,5
results_graph_029,0.7676717638969421,0.7225386500358582,0.8188190460205078,0.037174694205880196,0.28346456692913385,0.18372703412073493,4,3
results_graph_479,0.7976430654525757,0.7878155708312988,0.8077189326286316,0.049044818920418086,0.3757925072046109,0.18213256484149856,12,8
results_graph_183,0.7406298518180847,0.710801362991333,0.7730714082717896,0.022499090360896472,0.2713178294573643,0.14341085271317833,9,8
results_graph_496,0.809063732624054,0.8159815073013306,0.8022622466087341,0.10929638456191407,0.5254437869822486,0.3053254437869823,4,3
results_graph_212,0.8035157322883606,0.8220727443695068,0.7857780456542969,0.20840352486529712,0.47091412742382277,0.32409972299168976,7,6
results_graph_357,0.8377516865730286,0.8507835865020752,0.82511305809021,0.1822251508269194,0.5054294175715696,0.22704837117472854,4,3
results_graph_091,0.781980574131012,0.7615581750869751,0.8035286068916321,0.09126919615485288,0.2601839684625493,0.18922470433639949,5,4
results_graph_286,0.7787162065505981,0.7751425504684448,0.7823229432106018,0.12237178568058191,0.5030395136778115,0.38753799392097266,5,4
results_graph_269,0.8301267027854919,0.8142068386077881,0.8466814756393433,0.14915667774568425,0.45223700120918986,0.2756952841596131,11,9
results_graph_510,0.7729572057723999,0.7463251948356628,0.8015602231025696,0.0424369042177003,0.28624535315985133,0.16356877323420074,6,5
results_graph_140,0.8470150828361511,0.8477298617362976,0.8463015556335449,0.2866129135292616,0.6123680241327301,0.4042232277526395,16,13
results_graph_455,0.7573608756065369,0.7171086072921753,0.8024007081985474,0.03327801918368785,0.23274161735700194,0.16568047337278102,7,6
results_graph_005,0.8666552901268005,0.86226487159729,0.8710905313491821,0.27859330938799,0.560096153846154,0.3966346153846154,5,4
results_graph_117,0.7410634756088257,0.7406773567199707,0.7414500713348389,0.02115602380243952,0.31370038412291934,0.17925736235595388,8,7
results_graph_547,0.708192765712738,0.6714087128639221,0.7492409944534302,0.0094740020405184,0.1909814323607427,0.10610079575596816,7,6
results_graph_052,0.7640262842178345,0.7502202987670898,0.7783499956130981,0.024499507708589042,0.351493848857645,0.1687170474516696,4,3
results_graph_228,0.8428691029548645,0.8376110792160034,0.8481935262680054,0.2533012980092485,0.5524568393094289,0.38778220451527223,11,9
results_graph_382,0.8273983597755432,0.7920222878456116,0.8660825490951538,0.2166536528408267,0.5807504078303426,0.4274061990212072,7,6
results_graph_101,0.7944276332855225,0.7830836176872253,0.8061051964759827,0.009686642248762777,0.2715909090909091,0.14318181818181816,7,6
results_graph_414,0.7845281362533569,0.7410606145858765,0.8334125876426697,0.0977397211640277,0.40733197556008144,0.24032586558044802,3,2
results_graph_044,0.8219186067581177,0.8157233595848083,0.8282085657119751,0.08249739602739622,0.42085308056872034,0.21611374407582937,6,5
results_graph_290,0.8349733948707581,0.8323913812637329,0.8375715017318726,0.14262575880670153,0.4342379958246346,0.2630480167014614,7,6
results_graph_156,0.785541296005249,0.7690352201461792,0.8027714490890503,0.2345053564794408,0.5328836424957841,0.3979763912310287,10,9
results_graph_506,0.7895265221595764,0.7525842189788818,0.8302828669548035,0.04819389330107118,0.3321554770318021,0.19787985865724383,6,5
results_graph_013,0.7464724779129028,0.7383317947387695,0.754794716835022,0.0291255346035501,0.3506637168141593,0.19469026548672566,9,8
results_graph_434,0.7332367300987244,0.7098509073257446,0.7582159638404846,0.01996556300549853,0.26666666666666666,0.12857142857142856,11,10
results_graph_064,0.7439529895782471,0.7205074429512024,0.7689757943153381,0.020398040132653002,0.21212121212121213,0.13468013468013468,5,4
results_graph_121,0.6735230684280396,0.6540434956550598,0.6941986680030823,0.0073930758468526946,0.18243243243243243,0.11486486486486487,1,0
results_graph_208,0.7612408995628357,0.7312169075012207,0.7938359975814819,0.026013779306255733,0.2269129287598945,0.13720316622691292,11,9
results_graph_033,0.7946887016296387,0.7869337797164917,0.8025979399681091,0.11513221907150471,0.4267676767676768,0.23737373737373735,11,10
results_graph_463,0.845659077167511,0.8409520983695984,0.8504190444946289,0.19950300775204202,0.5383458646616542,0.35488721804511275,4,3
results_graph_199,0.7068580389022827,0.6938060522079468,0.7204104661941528,0.015233355866028893,0.2581967213114754,0.14344262295081966,6,5
results_graph_176,0.8408857583999634,0.8457652926445007,0.8360620737075806,0.11442243364360914,0.4514338575393154,0.28122109158186864,5,4
results_graph_526,0.759260356426239,0.7426331043243408,0.7766492366790771,0.050972973720664595,0.3215926493108729,0.16539050535987748,8,7
results_graph_475,0.8002761006355286,0.8035194873809814,0.7970588207244873,0.03203695555166839,0.35027556644213104,0.1543172075933864,9,8
results_graph_025,0.8070281147956848,0.7961994409561157,0.8181554079055786,0.0676211506189639,0.40986977381768336,0.23714873200822484,10,9
results_graph_530,0.8015008568763733,0.7976797819137573,0.8053586483001709,0.12579564084505557,0.5142378559463986,0.29313232830820773,15,14
results_graph_160,0.7814106941223145,0.8034802079200745,0.7605212926864624,0.00515453139087635,0.24704336399474372,0.12483574244415242,12,8
results_graph_072,0.8258626461029053,0.8337717056274414,0.8181021213531494,0.08451707165944072,0.41294005708848713,0.247383444338725,10,9
results_graph_422,0.8176287412643433,0.8172664642333984,0.817991316318512,0.07508456077907849,0.4313304721030043,0.21244635193133046,10,9
results_graph_137,0.8264961838722229,0.821164608001709,0.831897497177124,0.11985545101917057,0.45167464114832534,0.2373205741626794,15,12
results_graph_009,0.8179368376731873,0.8052977323532104,0.83097904920578,0.38520037169323856,0.612668743509865,0.4839044652128765,13,12
results_graph_459,0.8294832110404968,0.830438494682312,0.8285300135612488,0.01275228206563284,0.2663975782038345,0.16044399596367304,7,6
results_graph_320,0.7983205318450928,0.8018628358840942,0.7948094606399536,0.10019310779004809,0.42990654205607476,0.2429906542056075,10,8
results_graph_265,0.7795752882957458,0.7645938992500305,0.7951556444168091,0.04435161943555107,0.3038461538461538,0.21153846153846154,9,7
results_graph_377,0.8575212955474854,0.8530522584915161,0.8620373010635376,0.148944001623726,0.46953696181965876,0.35905767668562144,13,12
results_graph_232,0.7878103256225586,0.7969433069229126,0.7788842916488647,0.014976400939782981,0.3204747774480712,0.14836795252225518,14,10
results_graph_398,0.6876489520072937,0.6571601629257202,0.7211043834686279,0.02526171489603621,0.16483516483516483,0.1208791208791209,9,8
results_graph_048,0.7705951929092407,0.7794458866119385,0.7619431614875793,0.10900761101947046,0.4695201037613489,0.2749675745784695,8,7
results_graph_418,0.7494031190872192,0.7128112316131592,0.7899551391601562,0.008611187772872734,0.14942528735632182,0.09961685823754789,17,10
results_graph_361,0.8298602104187012,0.8285160064697266,0.8312087059020996,0.1402031777763536,0.44880546075085326,0.2576791808873721,12,10
results_graph_224,0.7946542501449585,0.7580611109733582,0.8349593877792358,0.037638230489609875,0.25207296849087896,0.1691542288557214,11,9
results_graph_273,0.8474646806716919,0.8462271094322205,0.8487058281898499,0.02844275655451382,0.3252427184466019,0.20266990291262138,6,5
results_graph_337,0.8190263509750366,0.8220793008804321,0.8159958720207214,0.06331975174240281,0.40333024976873266,0.22941720629047177,6,5
results_graph_272,0.799674391746521,0.809400200843811,0.7901795506477356,0.14529384804088016,0.49374288964732654,0.24118316268486917,9,8
results_graph_360,0.8627301454544067,0.8418494462966919,0.884672999382019,0.35013645177802527,0.6405693950177935,0.5266903914590748,8,7
results_graph_049,0.8063024878501892,0.8009686470031738,0.8117077946662903,0.03576180724801479,0.3530326594090203,0.2255054432348367,6,5
results_graph_419,0.6842389702796936,0.6628842353820801,0.7070153951644897,0.019143204397130298,0.18806509945750455,0.10126582278481014,11,9
results_graph_376,0.8065513968467712,0.8062252402305603,0.8068777322769165,0.056171894787367505,0.42105263157894735,0.29728166570271836,8,7
results_graph_233,0.8392672538757324,0.8387460708618164,0.8397889733314514,0.27948159293463515,0.6062893081761006,0.39245283018867927,10,8
results_graph_399,0.7575491666793823,0.758694589138031,0.7564070820808411,0.000243518987845693,0.16137566137566137,0.0873015873015873,5,4
results_graph_321,0.7510265111923218,0.7603287100791931,0.7419491410255432,0.027042130079256956,0.31648351648351647,0.16263736263736261,12,11
results_graph_008,0.8395702838897705,0.8428777456283569,0.8362886309623718,0.1655823775316808,0.49466950959488276,0.3091684434968017,9,7
results_graph_458,0.7689418792724609,0.7431128025054932,0.7966310977935791,0.0792121688947295,0.3244206773618538,0.1925133689839572,8,7
results_graph_073,0.8310589790344238,0.8412173986434937,0.8211429119110107,0.26754135696306547,0.5846645367412141,0.4057507987220447,10,9
results_graph_136,0.804959237575531,0.7938758134841919,0.8163565397262573,0.04224218344521057,0.35000000000000003,0.18636363636363637,8,7
results_graph_248,0.8545535802841187,0.8505503535270691,0.858594536781311,0.2383937675962232,0.5566247224278311,0.32568467801628426,9,8
results_graph_531,0.8488054871559143,0.8492843508720398,0.8483272194862366,0.23987023658517337,0.5458207452165156,0.364551863041289,6,5
results_graph_161,0.8046115636825562,0.7967202067375183,0.8126609325408936,0.1319081130308507,0.4396887159533074,0.26459143968871596,9,8
results_graph_032,0.8372699022293091,0.8244224190711975,0.8505241274833679,0.0036557074471752454,0.24037954665260938,0.1676331049024776,5,4
results_graph_462,0.7020237445831299,0.672985851764679,0.7336805462837219,0.006218498253840539,0.2155688622754491,0.11976047904191615,5,4
results_graph_198,0.8914994597434998,0.8909353017807007,0.8920643329620361,0.12883909280611616,0.45085803432137284,0.35881435257410293,3,2
results_graph_177,0.8435206413269043,0.8272720575332642,0.8604203462600708,0.3211596144350895,0.5863746958637469,0.4257907542579076,6,5
results_graph_527,0.7344930768013,0.7031888961791992,0.768714189529419,0.06420820706385832,0.30835117773019277,0.1884368308351178,7,6
results_graph_209,0.7420008182525635,0.7390732169151306,0.7449517250061035,0.000556964153585388,0.20191731575793886,0.11863391252246855,8,7
results_graph_435,0.8276165723800659,0.8262991905212402,0.8289381861686707,0.14312231958191718,0.48986486486486486,0.29898648648648646,8,7
results_graph_065,0.8435333371162415,0.8396786451339722,0.8474234938621521,0.16483788813818426,0.5029126213592232,0.3572815533980583,6,5
results_graph_120,0.8059441447257996,0.7989984154701233,0.8130117058753967,0.13205408249765796,0.46437149719775817,0.2674139311449159,13,9
results_graph_507,0.8477342128753662,0.8002701997756958,0.9011833071708679,0.12106310243240034,0.33663366336633666,0.27722772277227725,9,8
results_graph_012,0.8505828976631165,0.8636003136634827,0.8379521369934082,0.1103547496731861,0.45046570702794236,0.3386960203217612,7,6
results_graph_291,0.8350940942764282,0.8322345614433289,0.8379732370376587,0.1825797969376239,0.5585874799357946,0.3595505617977528,5,4
results_graph_100,0.7689784169197083,0.7773072123527527,0.7608263492584229,5.4649296673199155e-05,0.15967393910333252,0.11508031647087029,6,5
results_graph_415,0.8276616334915161,0.8263434767723083,0.8289839029312134,0.20484696745271513,0.5029797377830751,0.3241954707985697,9,8
results_graph_045,0.7922239899635315,0.8003971576690674,0.784216046333313,0.14053318317372476,0.4970414201183431,0.31952662721893493,7,6
results_graph_229,0.7977898716926575,0.791529655456543,0.8041500449180603,0.2709975467721078,0.5657458563535911,0.39337016574585637,8,7
results_graph_383,0.8129432201385498,0.8158185482025146,0.8100881576538086,0.151542886410211,0.46204620462046203,0.23102310231023102,8,7
results_graph_546,0.8235493898391724,0.8171312808990479,0.8300690650939941,0.2669351677163594,0.5605875152998776,0.3990208078335373,8,7
results_graph_053,0.7631214261054993,0.7764316201210022,0.7502598762512207,0.010387883712094016,0.2814526588845655,0.13488975356679636,7,6
results_graph_403,0.8379921913146973,0.8395324945449829,0.8364575505256653,0.23459898301649576,0.5413363533408833,0.3125707814269536,6,5
results_graph_395,0.7359440326690674,0.7192257642745972,0.7534580230712891,0.1349496543391749,0.46234309623430964,0.2698744769874477,11,10
results_graph_511,0.7805684804916382,0.7817063331604004,0.7794339656829834,0.05029297594198944,0.39455782312925175,0.239067055393586,14,8
results_graph_141,0.7358130812644958,0.7430006861686707,0.7287632822990417,0.06746626075968483,0.3601609657947686,0.17303822937625754,12,11
results_graph_004,0.8615389466285706,0.8535692095756531,0.869658887386322,0.12150955580589737,0.4815766923736076,0.3461868037703513,6,5
results_graph_287,0.7067152857780457,0.6598461866378784,0.7607517242431641,0.02878265895788236,0.17241379310344826,0.10919540229885058,11,10
results_graph_268,0.790780246257782,0.7939133048057556,0.7876717448234558,0.1066743529485672,0.388412017167382,0.2446351931330472,13,9
results_graph_090,0.8463714718818665,0.8533948063850403,0.8394628763198853,0.07194556060512987,0.39291736930860033,0.2613827993254637,7,6
results_graph_213,0.7516441345214844,0.6831225156784058,0.8354445695877075,0.025526241715660907,0.18227848101265823,0.1316455696202532,9,8
results_graph_356,0.7292017340660095,0.7433451414108276,0.7155864238739014,0.020155075240483405,0.3002481389578164,0.15384615384615385,16,15
results_graph_028,0.8311355113983154,0.8284991383552551,0.8337887525558472,0.17658940075634608,0.5438898450946644,0.28915662650602414,5,4
results_graph_478,0.8201667070388794,0.7999691367149353,0.8414105176925659,0.2582749660048267,0.5719237435008666,0.4228769497400347,8,7
results_graph_182,0.8468465805053711,0.852135181427002,0.8416231274604797,0.1692062701907323,0.5219638242894057,0.330749354005168,6,5
results_graph_497,0.8009682893753052,0.8042719960212708,0.7976917028427124,0.12517589751015612,0.44051825677267376,0.2638398115429918,10,9
results_graph_244,0.7807130813598633,0.7549789547920227,0.8082633018493652,0.10839871290419831,0.3312302839116719,0.23659305993690855,6,5
results_graph_301,0.8415712118148804,0.8491208553314209,0.8341546058654785,0.2568130842414894,0.6164519326065411,0.4162537165510406,9,8
results_graph_194,0.8195746541023254,0.823193371295929,0.8159875869750977,0.06094413499186326,0.4019607843137255,0.23137254901960785,8,7
results_graph_252,0.8540277481079102,0.8507305979728699,0.8573504686355591,0.029929443400797083,0.3618290258449304,0.22266401590457258,5,4
results_graph_317,0.8621392846107483,0.8559713363647461,0.8683967590332031,0.07787778738580825,0.4193319118692253,0.2970859985785359,3,2
results_graph_069,0.8553898930549622,0.8484562039375305,0.8624377250671387,0.21123213345024985,0.5747800586510264,0.29912023460410553,8,7
results_graph_439,0.7848129868507385,0.7880756855010986,0.7815772294998169,3.270253410992179e-06,0.11710559959089747,0.07108156481718232,7,6
results_graph_086,0.8293667435646057,0.8213422298431396,0.8375495672225952,0.18712496575902093,0.5508365508365508,0.31660231660231664,9,8
results_graph_205,0.8364323377609253,0.8354590535163879,0.8374079465866089,0.2048879514434093,0.5836791147994467,0.34301521438450894,8,7
results_graph_340,0.846968948841095,0.8501459360122681,0.8438156843185425,0.08148981098869251,0.4351073762838468,0.2857142857142857,8,7
results_graph_432,0.7953299283981323,0.8052743077278137,0.7856281995773315,0.1344202527550188,0.5138993238166792,0.3275732531930879,14,8
results_graph_062,0.6931909322738647,0.6768946051597595,0.7102913856506348,0.01979863091357997,0.20848056537102472,0.13780918727915192,6,5
results_graph_127,0.8535985350608826,0.8579760789871216,0.849265456199646,0.0415210813569478,0.3669871794871795,0.2467948717948718,6,5
results_graph_035,0.8428888320922852,0.8403299450874329,0.8454633355140686,0.13263674084386234,0.4673202614379085,0.28594771241830064,7,6
results_graph_170,0.7435623407363892,0.7238456606864929,0.7643831372261047,0.015703545642200608,0.21124361158432708,0.11925042589437819,6,5
results_graph_520,0.8559162020683289,0.8554615378379822,0.8563714027404785,0.15506171348830336,0.48993288590604034,0.2863534675615213,9,8
results_graph_473,0.7143567204475403,0.665107786655426,0.7714823484420776,0.019979706559888965,0.1575492341356674,0.10503282275711161,5,4
results_graph_023,0.790317177772522,0.7727499008178711,0.808701753616333,0.06630182435280997,0.38679245283018865,0.19182389937106917,15,9
results_graph_536,0.8442243337631226,0.832638680934906,0.8561369180679321,0.24263925239279854,0.5877287405812702,0.39612486544671693,9,8
results_graph_166,0.7876980900764465,0.7909436225891113,0.784479022026062,0.01172914590888668,0.29028482247366366,0.13577838470542333,10,6
results_graph_074,0.8246254324913025,0.8279114961624146,0.8213652968406677,0.0684286530717067,0.42224152910512597,0.25021720243266726,7,6
results_graph_424,0.7416815757751465,0.743516206741333,0.7398560047149658,2.3775999619288043e-06,0.13093652907234796,0.0763426542387927,7,6
results_graph_131,0.8568547368049622,0.8603057861328125,0.8534312844276428,0.13635307444136777,0.4724292101341282,0.3114754098360656,9,8
results_graph_218,0.7378344535827637,0.75848788022995,0.7182760238647461,0.01978016846310681,0.3318385650224215,0.15067264573991032,13,12
results_graph_326,0.7291803956031799,0.7257670760154724,0.7326259613037109,0.03876100640214443,0.3117505995203837,0.13908872901678657,6,5
results_graph_263,0.8180259466171265,0.8182123899459839,0.8178396224975586,0.05663585294870739,0.37536231884057975,0.18695652173913044,13,11
results_graph_408,0.8242772817611694,0.8297078609466553,0.8189173340797424,0.10231611000442818,0.4130434782608695,0.2891304347826087,4,3
results_graph_058,0.7950058579444885,0.7505869269371033,0.845012903213501,0.06704047393594473,0.39263803680981596,0.20449897750511245,7,6
results_graph_371,0.7848628759384155,0.787533164024353,0.7822107076644897,0.1422868529878139,0.49445865302642794,0.2728047740835465,10,9
results_graph_234,0.7965227365493774,0.785414457321167,0.8079497814178467,0.047361184297115506,0.36167664670658684,0.21437125748502994,9,8
results_graph_367,0.8258649706840515,0.813487708568573,0.8386246562004089,0.08741460095868166,0.4173602853745541,0.2568370986920333,13,10
results_graph_388,0.8178223967552185,0.8188221454620361,0.8168251514434814,0.1301186122135621,0.4506329113924051,0.2734177215189873,10,9
results_graph_222,0.8427311182022095,0.8367754220962524,0.8487722277641296,0.2577756571554701,0.6376360808709176,0.37636080870917576,6,5
results_graph_449,0.7850492596626282,0.7140615582466125,0.8717094659805298,0.0490971538251043,0.22466960352422907,0.1894273127753304,10,9
results_graph_019,0.8793635368347168,0.8791360855102539,0.8795911073684692,0.25059729037787776,0.5232903865213081,0.3706640237859267,9,8
results_graph_330,0.7655483484268188,0.7670854926109314,0.7640172243118286,0.0668167234749591,0.39227642276422764,0.18292682926829268,7,6
results_graph_275,0.6846254467964172,0.6661462187767029,0.7041592597961426,0.03725903208403198,0.26044226044226043,0.16707616707616707,2,1
results_graph_202,0.8612297773361206,0.8476209044456482,0.8752826452255249,0.35048390491671905,0.5819567979669632,0.4650571791613723,8,7
results_graph_081,0.8258247375488281,0.7984694242477417,0.855120837688446,0.10369187817964154,0.4070175438596491,0.24912280701754386,6,4
results_graph_255,0.8475355505943298,0.8382138013839722,0.857066810131073,0.1332411228618123,0.451858913250715,0.3088655862726406,6,5
results_graph_310,0.8494517207145691,0.840898334980011,0.8581807613372803,0.23994710844851805,0.5478927203065135,0.36590038314176243,3,2
results_graph_469,0.6487783789634705,0.5902016162872314,0.7202636003494263,0.0035733717181965757,0.07053941908713694,0.05394190871369294,9,8
results_graph_039,0.8302419781684875,0.8199849128723145,0.8407589793205261,0.08724973246869197,0.44563552833078096,0.2986217457886677,8,7
results_graph_486,0.8157208561897278,0.8140136003494263,0.8174352049827576,0.22723103144925602,0.5638051044083527,0.34106728538283065,8,7
results_graph_243,0.8362380266189575,0.8464449644088745,0.8262743949890137,0.1693652317595079,0.5862295081967213,0.3580327868852459,7,6
results_graph_306,0.748087465763092,0.7261701822280884,0.7713689208030701,0.01379800697209892,0.22097378277153557,0.12734082397003746,16,11
results_graph_185,0.8506478667259216,0.847755491733551,0.8535600900650024,0.08049606173080794,0.3995459704880817,0.24971623155505107,12,10
results_graph_490,0.774379551410675,0.7743345499038696,0.7744245529174805,0.20692738311182046,0.45952380952380956,0.3404761904761905,11,9
results_graph_214,0.6888440251350403,0.6508243083953857,0.7315813899040222,0.010790286489921638,0.11845102505694761,0.08656036446469248,7,6
results_graph_428,0.7389295697212219,0.7367734313011169,0.7410982847213745,0.021184703019945218,0.31369765791341375,0.15613910574875797,6,5
results_graph_280,0.8592526912689209,0.8558321595191956,0.8627006411552429,0.0754390724391841,0.4441197954711469,0.322863403944485,8,6
results_graph_516,0.8615912199020386,0.8580678701400757,0.8651436567306519,0.21720891970163247,0.5747348119575698,0.4146576663452266,5,4
results_graph_146,0.8348909616470337,0.834481418132782,0.8353008031845093,0.3122778400667769,0.5800756620428751,0.3858764186633039,9,8
results_graph_453,0.6605117321014404,0.6168050169944763,0.7108848690986633,0.020328957079916866,0.1460446247464503,0.10141987829614603,15,14
results_graph_003,0.7116073966026306,0.7355820536613464,0.6891461610794067,0.054103905008875824,0.3516699410609037,0.14145383104125736,8,7
results_graph_392,0.7503206133842468,0.7642792463302612,0.7368627190589905,0.007269582096708585,0.23260990539788534,0.11018363939899832,8,7
results_graph_238,0.8903376460075378,0.8935511112213135,0.8871473073959351,0.01855232896805549,0.3292533659730722,0.22276621787025705,12,8
results_graph_111,0.7784546613693237,0.789397120475769,0.7678114175796509,0.026230175886738403,0.3328025477707006,0.15764331210191082,10,7
results_graph_541,0.7825420498847961,0.7858052253723145,0.7793059349060059,0.060965803026753335,0.4144996059889677,0.18124507486209615,10,9
results_graph_054,0.8225972652435303,0.8164544701576233,0.8288332223892212,0.10046274166922226,0.4076539101497504,0.25291181364392684,5,4
results_graph_404,0.7862071394920349,0.7528945803642273,0.8226040005683899,0.06688695253775702,0.3073770491803279,0.20491803278688525,11,10
results_graph_384,0.7656452655792236,0.7621937990188599,0.7691282033920288,0.02629455169122622,0.3539823008849557,0.20294985250737466,11,10
results_graph_107,0.8266027569770813,0.8194049596786499,0.833928108215332,0.06324552819281574,0.3877862595419847,0.2534351145038168,5,4
results_graph_412,0.8066729307174683,0.7854824662208557,0.8290383815765381,0.03272582267152813,0.33333333333333337,0.1643192488262911,10,9
results_graph_042,0.8246130347251892,0.8402611017227173,0.8095372319221497,0.06712329455084083,0.39172209903917216,0.22468588322246863,3,2
results_graph_296,0.710729718208313,0.681208610534668,0.7429252862930298,0.017805085608151475,0.14164305949008496,0.10198300283286119,6,5
results_graph_279,0.8045344948768616,0.7978886365890503,0.8112920522689819,7.944747335850304e-05,0.14868382991032686,0.08793751807925948,4,3
results_graph_150,0.836685061454773,0.8364904522895813,0.8368797898292542,0.21591128067773155,0.5602605863192183,0.29967426710097717,12,9
results_graph_500,0.9225693345069885,0.9158537983894348,0.9293841123580933,0.12747172189144604,0.4674945215485756,0.41490138787436087,6,5
results_graph_015,0.6983375549316406,0.680989146232605,0.7165929675102234,0.0435901926702842,0.20722891566265061,0.1493975903614458,1,0
results_graph_445,0.7727097868919373,0.7295519709587097,0.8212947845458984,0.13281051804149413,0.33271028037383177,0.2841121495327103,5,4
results_graph_151,0.8205260038375854,0.7925750613212585,0.8505204319953918,0.14695868942391352,0.4413518886679921,0.27435387673956263,5,4
results_graph_014,0.7539899349212646,0.7559896111488342,0.7520009279251099,0.03387403497875152,0.33250620347394544,0.1774193548387097,3,2
results_graph_444,0.8012145757675171,0.7991420030593872,0.8032979369163513,0.06220814490224911,0.37090909090909085,0.2109090909090909,6,5
results_graph_278,0.729608952999115,0.7271354794502258,0.7320994138717651,0.06007817484585871,0.3639921722113503,0.1780821917808219,12,11
results_graph_106,0.8594516515731812,0.8578605651855469,0.8610486388206482,0.274476085171015,0.5312169312169313,0.3661375661375661,12,9
results_graph_413,0.8104082345962524,0.8025413751602173,0.8184307813644409,0.1761517138537617,0.5610438024231128,0.41006523765144454,9,8
results_graph_043,0.6995033025741577,0.6424899101257324,0.7676205635070801,0.008814306005025859,0.09523809523809523,0.07709750566893425,6,5
results_graph_385,0.7640723586082458,0.7506528496742249,0.7779803276062012,0.05938883256851272,0.4153529814941741,0.21932830705962986,12,9
results_graph_110,0.8345102667808533,0.8238483667373657,0.8454517126083374,0.03910699331702511,0.35152100434572664,0.20280057943022695,12,9
results_graph_540,0.8551276326179504,0.8607402443885803,0.8495876789093018,0.03931262522558246,0.3470031545741325,0.21661409043112514,8,7
results_graph_405,0.7005152702331543,0.6571248173713684,0.750041127204895,0.005781775796947534,0.13559322033898305,0.0847457627118644,7,6
results_graph_393,0.8337653279304504,0.8304956555366516,0.8370606899261475,0.21507958118729514,0.5849056603773585,0.3881401617250674,9,8
results_graph_239,0.7540183663368225,0.7606081366539001,0.7475418448448181,0.10019896413057702,0.4221453287197232,0.24913494809688583,11,9
results_graph_517,0.788284182548523,0.7594032883644104,0.8194485902786255,0.13701742220513247,0.4091954022988506,0.31264367816091954,7,6
results_graph_147,0.7730134725570679,0.7554258108139038,0.7914394736289978,0.10048450215177535,0.35976789168278533,0.22823984526112182,7,6
results_graph_452,0.8172290921211243,0.7948604822158813,0.8408931493759155,0.09683860604672213,0.4468219005663939,0.30459408432976715,9,8
results_graph_281,0.7335408329963684,0.7001543045043945,0.7702709436416626,0.033511003136886534,0.263681592039801,0.17412935323383083,8,7
results_graph_429,0.7212907671928406,0.6946455836296082,0.7500616908073425,0.022092968125422496,0.20717131474103587,0.13147410358565736,4,3
results_graph_079,0.7392467260360718,0.7301585674285889,0.7485638856887817,0.08636718645614525,0.3633276740237691,0.2139219015280136,7,6
results_graph_096,0.8505190014839172,0.8441473841667175,0.8569875359535217,0.025034765626591758,0.3313679245283019,0.20400943396226412,5,4
results_graph_215,0.8329986333847046,0.8382758498191833,0.8277872800827026,0.10553329764660242,0.4323899371069183,0.2452830188679245,6,5
results_graph_350,0.676353394985199,0.6630373001098633,0.6902153491973877,0.015488643571346983,0.22396856581532415,0.12573673870333987,7,6
results_graph_184,0.7955543398857117,0.814217209815979,0.7777278423309326,0.05083917206444238,0.34061696658097684,0.1773778920308483,5,4
results_graph_491,0.7639516592025757,0.7676794528961182,0.7602598667144775,0.16885485357979174,0.4663951120162932,0.2892057026476578,6,5
results_graph_242,0.8134549856185913,0.8258951306343079,0.8013840913772583,0.17934884288408465,0.5198237885462555,0.33480176211453744,4,3
results_graph_307,0.8321771025657654,0.8287068605422974,0.8356764316558838,0.14080524993115326,0.47573587907716786,0.3007159904534606,3,2
results_graph_468,0.7351217269897461,0.7183578014373779,0.7526867389678955,0.014190090503267595,0.27065026362038663,0.14411247803163446,14,13
results_graph_192,0.7202835083007812,0.7208889722824097,0.7196789979934692,0.0019094216960935835,0.19249999999999998,0.09000000000000001,10,9
results_graph_038,0.710339367389679,0.7001340389251709,0.7208465337753296,0.01943430100148967,0.31277813095994916,0.12205975842339481,9,7
results_graph_487,0.6830063462257385,0.6356353759765625,0.738006591796875,0.024917461780346317,0.18592964824120603,0.13065326633165827,18,9
results_graph_254,0.8156808614730835,0.8143563270568848,0.817009687423706,0.2145621944073719,0.5269607843137254,0.3529411764705882,4,3
results_graph_311,0.8255211114883423,0.8531639575958252,0.799613356590271,0.18796619046878146,0.518095238095238,0.31999999999999995,8,7
results_graph_080,0.8650836944580078,0.8614916205406189,0.8687059283256531,0.195284988308007,0.5114503816793894,0.3912213740458015,3,2
results_graph_203,0.8055023550987244,0.8119901418685913,0.7991174459457397,0.15984990708728378,0.4911032028469752,0.34400948991696323,7,6
results_graph_346,0.8110505938529968,0.8185625076293945,0.8036753535270691,0.032273207810873665,0.3230240549828179,0.19759450171821308,9,8
results_graph_331,0.836281418800354,0.8508527278900146,0.8222007751464844,0.132841298685341,0.5254691689008043,0.2841823056300268,5,4
results_graph_274,0.8505771160125732,0.8580800890922546,0.843204140663147,0.041712367847630716,0.3474436503573392,0.21330401319406267,9,8
results_graph_448,0.7991112470626831,0.8018697500228882,0.7963717579841614,0.1262848624039579,0.4848484848484848,0.31313131313131315,6,5
results_graph_018,0.7680803537368774,0.7594293355941772,0.7769307494163513,0.01426109367081012,0.2590299277605779,0.15995872033023734,10,9
results_graph_366,0.8209718465805054,0.8180471658706665,0.8239174485206604,0.20464104519695428,0.5281501340482574,0.3780160857908847,9,8
results_graph_389,0.7928731441497803,0.7817292213439941,0.8043394088745117,0.0041812051066521,0.23338485316846988,0.13833075734157652,5,4
results_graph_223,0.8486953973770142,0.8423284292221069,0.8551594018936157,0.11329759940291201,0.44854070660522277,0.282642089093702,13,12
results_graph_370,0.7600405812263489,0.6996140480041504,0.8318921327590942,0.08245718964198137,0.3083333333333333,0.21666666666666665,8,7
results_graph_235,0.8106449246406555,0.8176298141479492,0.8037784099578857,0.053741783410443375,0.3629283489096573,0.18691588785046728,9,7
results_graph_409,0.7829065918922424,0.7759900093078613,0.7899476885795593,0.17626718536556685,0.5497737556561086,0.2737556561085973,9,8
results_graph_059,0.7647234797477722,0.7324800491333008,0.7999362945556641,0.03761262491128669,0.28633405639913234,0.16919739696312364,8,7
results_graph_327,0.8313906192779541,0.8211195468902588,0.8419219851493835,0.2611252578035873,0.6005410279531109,0.3192064923354373,7,6
results_graph_262,0.8392325043678284,0.8420264720916748,0.8364570140838623,0.1314358364052186,0.45624385447394294,0.31268436578171094,7,6
results_graph_219,0.8496107459068298,0.8490466475486755,0.8501756191253662,0.17821573556901665,0.5455755156353959,0.37391882900864937,0,0
results_graph_075,0.8490868806838989,0.8510310649871826,0.847151517868042,0.09920424446993878,0.45546218487394957,0.2638655462184874,6,5
results_graph_130,0.7195097208023071,0.679801344871521,0.764144778251648,0.02228015867977987,0.18101545253863133,0.1324503311258278,7,6
results_graph_472,0.8255131244659424,0.8328911066055298,0.8182646632194519,0.042921398641506334,0.3551273227804542,0.20646937370956642,4,3
results_graph_188,0.8035122752189636,0.8150410652160645,0.7923049926757812,0.00815964602426354,0.2894168466522678,0.12958963282937364,9,7
results_graph_022,0.816478431224823,0.8152716755867004,0.8176888227462769,0.20004364496169086,0.5517241379310345,0.34236453201970446,6,5
results_graph_537,0.8455061316490173,0.8454210758209229,0.8455912470817566,0.18275759524613774,0.5486725663716814,0.31099873577749687,5,4
results_graph_167,0.8421265482902527,0.830761730670929,0.8538066148757935,0.06755091019665935,0.38548387096774195,0.27903225806451615,7,6
results_graph_258,0.7212409973144531,0.6893720626831055,0.7561993598937988,0.06221060003813708,0.25210084033613445,0.18067226890756302,7,6
results_graph_034,0.8360005021095276,0.8367078304290771,0.8352943062782288,0.06003063873286863,0.40214067278287463,0.23394495412844038,8,7
results_graph_464,0.7369799017906189,0.7108075022697449,0.7651534080505371,0.03338073293447483,0.2727272727272727,0.1660079051383399,8,7
results_graph_521,0.7175768613815308,0.7155691385269165,0.7195958495140076,0.00402998583060816,0.2545031958163858,0.13945380592678677,0,0
results_graph_433,0.8084993362426758,0.8282690048217773,0.7896515130996704,0.15305499545884232,0.5139573070607554,0.30870279146141216,6,5
results_graph_126,0.8297211527824402,0.8320338726043701,0.8274213075637817,0.08413190527289933,0.40135287485907556,0.2773393461104848,10,9
